- name: "Hannah Wayment-Steele"
  email: "hannah.waymentsteele (at) wisc.edu"
  role: " Data junkie in chief "
  image: "img/people/hannah.jpeg"
  startdate: "2024-08-01"
  education: "Postdoc: Brandeis; PhD Chemistry, Stanford; BA Chemistry / Math, Pomona College"

- name: "Chris Macdonald"
  email: "cbmacdonald (at) wisc.edu"
  role: "Scientist and Lab Operations Coordinator"
  image: "img/people/cm.jpeg"
  startdate: "2025-08-14"
  education: "Postdoc: UC San Francisco; PhD Biophysics, University of Michigan; BS Biochemistry / Math, Arizona State"

- name: "Ben Harding"
  email: "bdharding (at) wisc.edu"
  role: "Postdoctoral fellow"
  image: "img/people/Ben_Harding.jpg"
  startdate: "2025-08-01"
  education: "PhD Biophysics, University of Wisconsin–Madison; BS Biochemistry, Miami University (Ohio)"

- name: "Andres Lira"
  email: "alira3 (at) wisc.edu"
  role: "PhD student, Biophysics"
  image: "img/people/Andres.jpeg"
  startdate: "2025-06-12"
  education: "BS Biochemistry and Molecular Biology, UC Davis"
  
- name: "Cizhang Zhao (JOJO)"
  email: "czhao276 (at) wisc.edu"
  role: "PhD student, Biophysics"
  image: "img/people/jojo.jpg"
  startdate: "2024-12-02"
  education: "Bachelors Biosciences, University of Science and Technology of China"

- name: "Gina El Nesr"
  email: "gelnesr (at) stanford.edu"
  role: "Visiting researcher"
  image: "img/people/gina.jpg"
  startdate: "2024-12-03"
  education: "BA Biophysics / Computer Science / Applied Math & Statistics, Johns Hopkins"

- name: "Nevin Pai"
  email: "nnpai (at) wisc.edu"
  role: "Undergraduate researcher"
  image: "img/people/Nevin.JPG"
  startdate: "2025-02-20"
  education: ""

- name: "Nisha Ekanathan"
  email: "ekanathan (at) wisc.edu"
  role: "Undergraduate researcher"
  image: "img/people/nisha.jpg"
  startdate: "2025-09-1"
  education: ""





